<?xml version="1.0" encoding="utf-8"?>
<install version="1.7" type="plugin" group="editors-xtd">
    <name>Button - AdmirorGallery</name>
    <author>Igor Kekeljevic and Nikola Vasiljevski</author>
    <creationDate>05/05/2012</creationDate>	
    <copyright>This extension in released under the GNU/GPL License - http://www.gnu.org/copyleft/gpl.html</copyright>
    <authorEmail></authorEmail>
    <authorUrl>http://www.admiror-design-studio.com</authorUrl>
    <version>4.0.0</version>
    <description></description>
    <files>
        <filename plugin="admirorbutton">admirorbutton.php</filename>
    </files>
    <params />
</install>
