<?xml version="1.0" encoding="UTF-8"?>
<extension type="component" version="1.7" method="upgrade">
	<name>COM_ADMIRORGALLERY</name>
	<creationDate>Jan 2, 2012</creationDate>
	<author>Kekeljevic, Vasiljevski, Jongen</author>
	<authorEmail>Igor.Kekeljevic@gmail.com</authorEmail>
	<authorUrl>http://www.admiror-design-studio.com</authorUrl>
	<copyright>(C) 2012 All rights reserved.</copyright>
	<license>GNU/GPL</license>
	<version>4.0</version>
	<button_version>2.0</button_version>
	<plugin_version>4.0.1</plugin_version>
	<description>COM_ADMIRORGALLERY_DESCRIPTION</description>	
        <scriptfile>script.php</scriptfile>
	
<!--	<install>
		<sql>
			<file driver="mysql" charset="utf8">sql/install.mysql.utf8.sql</file>
			<file driver="mysql">sql/install.mysql.utf8.sql</file>
		</sql>
	</install>
	<uninstall>
		<sql>
			<file driver="mysql" charset="utf8">sql/uninstall.mysql.utf8.sql</file>
			<file driver="mysql">sql/uninstall.mysql.utf8.sql</file>
		</sql>
	</uninstall>-->

	<files folder="site">
		<folder>controllers</folder>
		<folder>elements</folder>
		<folder>helpers</folder>
		<folder>models</folder>
		<folder>views</folder>
                <folder>language</folder>
		<filename>admirorgallery.php</filename>
		<filename>controller.php</filename>
		<filename>index.html</filename>
	</files>
	<languages folder="site">
	       <language tag="en-GB">language/en-GB/en-GB.com_admirorgallery.ini</language>
	</languages>
	<params/>
	<administration>
		<menu view="Admiror" img="components/com_admirorgallery/templates/default/images/ag-icon.png" link="option=com_admirorgallery">Admiror Gallery</menu>
		<submenu>
			<menu img="components/com_admirorgallery/templates/default/images/icon-16-default.png" link="option=com_admirorgallery&amp;controller=admirorgallery">Control Panel</menu>
			<menu img="components/com_admirorgallery/templates/default/images/icon-16-templates.png" link="option=com_admirorgallery&amp;view=resourcemanager&amp;AG_resourceType=templates">Templates</menu>
			<menu img="components/com_admirorgallery/templates/default/images/icon-16-popups.png" link="option=com_admirorgallery&amp;view=resourcemanager&amp;AG_resourceType=popups">Popups</menu>
			<menu img="components/com_admirorgallery/templates/default/images/icon-16-imagemanager.png" link="option=com_admirorgallery&amp;view=imagemanager">Image Manager</menu>
		</submenu>
		<files folder="admin">			
			<folder>assets</folder>
			<folder>controllers</folder>
			<folder>install</folder>
			<folder>models</folder>
			<folder>scripts</folder>
			<folder>slimbox</folder>
			<folder>sql</folder>
			<folder>templates</folder>
			<folder>views</folder>
			<filename>admin.admirorgallery.php</filename>
			<filename>controller.php</filename>
			<filename>index.html</filename>
		</files>
		<languages folder="admin">
			<language tag="en-GB">language/en-GB/en-GB.com_admirorgallery.ini</language>
			<language tag="en-GB">language/en-GB/en-GB.com_admirorgallery.sys.ini</language>
		</languages>
		<params/>
	</administration>
	
</extension>
