<?xml version="1.0" encoding="utf-8"?>
<details>
  <name>Slimbox</name>
  <creationDate>Sep, 10th 2010.</creationDate>
  <author>Vasiljevski &amp; Kekeljevic</author>
  <version>1.1</version>
  <description>Adaptation of &lt;a href="http://www.digitalia.be/software/slimbox" target="_blank"&gt;Slimbox&lt;/a&gt; library. For more information visit &lt;a href="http://www.vasiljevski.com/forum/viewtopic.php?f=6&amp;t=15" target="_blank"&gt;Slimbox Popup Forum Topic&lt;/a&gt;.</description>
  <type>popup</type>
</details>
